EventID,Computer,"TimeGenerated [UTC]","count_"
4662,"fs-zta.ztaresearch.local","6/17/2026, 12:00:00.000 AM",7
4688,"fs-zta.ztaresearch.local","6/17/2026, 12:00:00.000 AM",2
4634,"dc-zta.ztaresearch.local","6/17/2026, 12:00:00.000 AM",22
4624,"dc-zta.ztaresearch.local","6/17/2026, 12:00:00.000 AM",22
4702,"fs-zta.ztaresearch.local","6/17/2026, 12:00:00.000 AM",1
4688,"dc-zta.ztaresearch.local","6/17/2026, 12:00:00.000 AM",2
4672,"dc-zta.ztaresearch.local","6/17/2026, 12:00:00.000 AM",22
4627,"dc-zta.ztaresearch.local","6/17/2026, 12:00:00.000 AM",22
4702,"dc-zta.ztaresearch.local","6/17/2026, 12:00:00.000 AM",1
4698,"dc-zta.ztaresearch.local","6/16/2026, 11:00:00.000 PM",1
4699,"dc-zta.ztaresearch.local","6/16/2026, 11:00:00.000 PM",1
4611,"fs-zta.ztaresearch.local","6/16/2026, 11:00:00.000 PM",3
4698,"fs-zta.ztaresearch.local","6/16/2026, 11:00:00.000 PM",1
4699,"fs-zta.ztaresearch.local","6/16/2026, 11:00:00.000 PM",1
4799,"fs-zta.ztaresearch.local","6/16/2026, 11:00:00.000 PM",8
4662,"fs-zta.ztaresearch.local","6/16/2026, 11:00:00.000 PM",41
4634,"fs-zta.ztaresearch.local","6/16/2026, 11:00:00.000 PM",2
5033,"fs-zta.ztaresearch.local","6/16/2026, 11:00:00.000 PM",1
4702,"dc-zta.ztaresearch.local","6/16/2026, 11:00:00.000 PM",31
4702,"fs-zta.ztaresearch.local","6/16/2026, 11:00:00.000 PM",31
4616,"fs-zta.ztaresearch.local","6/16/2026, 11:00:00.000 PM",1
5059,"dc-zta.ztaresearch.local","6/16/2026, 11:00:00.000 PM",7
5061,"dc-zta.ztaresearch.local","6/16/2026, 11:00:00.000 PM",7
4826,"dc-zta.ztaresearch.local","6/16/2026, 11:00:00.000 PM",1
5058,"dc-zta.ztaresearch.local","6/16/2026, 11:00:00.000 PM",7
4660,"dc-zta.ztaresearch.local","6/16/2026, 11:00:00.000 PM",63
4696,"dc-zta.ztaresearch.local","6/16/2026, 11:00:00.000 PM",1
4663,"dc-zta.ztaresearch.local","6/16/2026, 11:00:00.000 PM",63
4946,"dc-zta.ztaresearch.local","6/16/2026, 11:00:00.000 PM",6
4688,"dc-zta.ztaresearch.local","6/16/2026, 11:00:00.000 PM",239
4948,"dc-zta.ztaresearch.local","6/16/2026, 11:00:00.000 PM",6
5136,"dc-zta.ztaresearch.local","6/16/2026, 11:00:00.000 PM",2
4674,"fs-zta.ztaresearch.local","6/16/2026, 11:00:00.000 PM",136
4662,"dc-zta.ztaresearch.local","6/16/2026, 11:00:00.000 PM",31
4634,"dc-zta.ztaresearch.local","6/16/2026, 11:00:00.000 PM",86
4769,"dc-zta.ztaresearch.local","6/16/2026, 11:00:00.000 PM",17
4648,"fs-zta.ztaresearch.local","6/16/2026, 11:00:00.000 PM",3
4768,"dc-zta.ztaresearch.local","6/16/2026, 11:00:00.000 PM",5
5059,"fs-zta.ztaresearch.local","6/16/2026, 11:00:00.000 PM",7
5061,"fs-zta.ztaresearch.local","6/16/2026, 11:00:00.000 PM",7
4672,"fs-zta.ztaresearch.local","6/16/2026, 11:00:00.000 PM",54
5058,"fs-zta.ztaresearch.local","6/16/2026, 11:00:00.000 PM",7
6416,"dc-zta.ztaresearch.local","6/16/2026, 11:00:00.000 PM",2
4614,"fs-zta.ztaresearch.local","6/16/2026, 11:00:00.000 PM",3
4902,"fs-zta.ztaresearch.local","6/16/2026, 11:00:00.000 PM",1
4660,"fs-zta.ztaresearch.local","6/16/2026, 11:00:00.000 PM",63
4663,"fs-zta.ztaresearch.local","6/16/2026, 11:00:00.000 PM",63
4673,"fs-zta.ztaresearch.local","6/16/2026, 11:00:00.000 PM",57
4798,"fs-zta.ztaresearch.local","6/16/2026, 11:00:00.000 PM",11
4946,"fs-zta.ztaresearch.local","6/16/2026, 11:00:00.000 PM",6
4948,"fs-zta.ztaresearch.local","6/16/2026, 11:00:00.000 PM",6
4610,"fs-zta.ztaresearch.local","6/16/2026, 11:00:00.000 PM",1
6416,"fs-zta.ztaresearch.local","6/16/2026, 11:00:00.000 PM",2
4799,"dc-zta.ztaresearch.local","6/16/2026, 11:00:00.000 PM",11
4611,"dc-zta.ztaresearch.local","6/16/2026, 11:00:00.000 PM",4
4622,"fs-zta.ztaresearch.local","6/16/2026, 11:00:00.000 PM",10
4956,"dc-zta.ztaresearch.local","6/16/2026, 11:00:00.000 PM",1
5024,"dc-zta.ztaresearch.local","6/16/2026, 11:00:00.000 PM",1
4672,"dc-zta.ztaresearch.local","6/16/2026, 11:00:00.000 PM",139
4627,"fs-zta.ztaresearch.local","6/16/2026, 11:00:00.000 PM",57
4624,"fs-zta.ztaresearch.local","6/16/2026, 11:00:00.000 PM",57
4945,"dc-zta.ztaresearch.local","6/16/2026, 11:00:00.000 PM",156
4944,"dc-zta.ztaresearch.local","6/16/2026, 11:00:00.000 PM",1
4608,"fs-zta.ztaresearch.local","6/16/2026, 11:00:00.000 PM",1
4957,"dc-zta.ztaresearch.local","6/16/2026, 11:00:00.000 PM",89
4953,"dc-zta.ztaresearch.local","6/16/2026, 11:00:00.000 PM",3
5033,"dc-zta.ztaresearch.local","6/16/2026, 11:00:00.000 PM",1
6417,"fs-zta.ztaresearch.local","6/16/2026, 11:00:00.000 PM",1
4674,"dc-zta.ztaresearch.local","6/16/2026, 11:00:00.000 PM",136
4616,"dc-zta.ztaresearch.local","6/16/2026, 11:00:00.000 PM",1
4648,"dc-zta.ztaresearch.local","6/16/2026, 11:00:00.000 PM",5
4826,"fs-zta.ztaresearch.local","6/16/2026, 11:00:00.000 PM",1
4614,"dc-zta.ztaresearch.local","6/16/2026, 11:00:00.000 PM",4
5024,"fs-zta.ztaresearch.local","6/16/2026, 11:00:00.000 PM",1
4696,"fs-zta.ztaresearch.local","6/16/2026, 11:00:00.000 PM",1
4945,"fs-zta.ztaresearch.local","6/16/2026, 11:00:00.000 PM",110
4944,"fs-zta.ztaresearch.local","6/16/2026, 11:00:00.000 PM",1
4957,"fs-zta.ztaresearch.local","6/16/2026, 11:00:00.000 PM",83
4688,"fs-zta.ztaresearch.local","6/16/2026, 11:00:00.000 PM",226
4953,"fs-zta.ztaresearch.local","6/16/2026, 11:00:00.000 PM",3
4902,"dc-zta.ztaresearch.local","6/16/2026, 11:00:00.000 PM",1
4673,"dc-zta.ztaresearch.local","6/16/2026, 11:00:00.000 PM",62
4610,"dc-zta.ztaresearch.local","6/16/2026, 11:00:00.000 PM",1
4622,"dc-zta.ztaresearch.local","6/16/2026, 11:00:00.000 PM",10
4627,"dc-zta.ztaresearch.local","6/16/2026, 11:00:00.000 PM",155
6417,"dc-zta.ztaresearch.local","6/16/2026, 11:00:00.000 PM",1
4624,"dc-zta.ztaresearch.local","6/16/2026, 11:00:00.000 PM",155
4608,"dc-zta.ztaresearch.local","6/16/2026, 11:00:00.000 PM",1
1100,"dc-zta.ztaresearch.local","6/16/2026, 8:00:00.000 PM",1
1100,"fs-zta.ztaresearch.local","6/16/2026, 8:00:00.000 PM",1
4616,"dc-zta.ztaresearch.local","6/16/2026, 8:00:00.000 PM",1
4702,"dc-zta.ztaresearch.local","6/16/2026, 8:00:00.000 PM",5
4702,"fs-zta.ztaresearch.local","6/16/2026, 8:00:00.000 PM",5
4799,"dc-zta.ztaresearch.local","6/16/2026, 8:00:00.000 PM",1
4798,"fs-zta.ztaresearch.local","6/16/2026, 8:00:00.000 PM",11
4799,"fs-zta.ztaresearch.local","6/16/2026, 8:00:00.000 PM",2
4662,"dc-zta.ztaresearch.local","6/16/2026, 8:00:00.000 PM",29
4673,"dc-zta.ztaresearch.local","6/16/2026, 8:00:00.000 PM",6
4769,"dc-zta.ztaresearch.local","6/16/2026, 8:00:00.000 PM",5
4768,"dc-zta.ztaresearch.local","6/16/2026, 8:00:00.000 PM",1
4662,"fs-zta.ztaresearch.local","6/16/2026, 8:00:00.000 PM",51
4616,"fs-zta.ztaresearch.local","6/16/2026, 8:00:00.000 PM",1
4663,"fs-zta.ztaresearch.local","6/16/2026, 8:00:00.000 PM",6
4688,"dc-zta.ztaresearch.local","6/16/2026, 8:00:00.000 PM",26
4663,"dc-zta.ztaresearch.local","6/16/2026, 8:00:00.000 PM",2
4673,"fs-zta.ztaresearch.local","6/16/2026, 8:00:00.000 PM",12
4660,"dc-zta.ztaresearch.local","6/16/2026, 8:00:00.000 PM",2
4634,"dc-zta.ztaresearch.local","6/16/2026, 8:00:00.000 PM",89
4624,"fs-zta.ztaresearch.local","6/16/2026, 8:00:00.000 PM",6
4627,"fs-zta.ztaresearch.local","6/16/2026, 8:00:00.000 PM",6
4627,"dc-zta.ztaresearch.local","6/16/2026, 8:00:00.000 PM",92
4672,"fs-zta.ztaresearch.local","6/16/2026, 8:00:00.000 PM",6
4688,"fs-zta.ztaresearch.local","6/16/2026, 8:00:00.000 PM",35
4624,"dc-zta.ztaresearch.local","6/16/2026, 8:00:00.000 PM",92
4672,"dc-zta.ztaresearch.local","6/16/2026, 8:00:00.000 PM",75
4660,"fs-zta.ztaresearch.local","6/16/2026, 8:00:00.000 PM",6
6417,"dc-zta.ztaresearch.local","6/16/2026, 7:00:00.000 PM",1
4944,"dc-zta.ztaresearch.local","6/16/2026, 7:00:00.000 PM",1
4627,"fs-zta.ztaresearch.local","6/16/2026, 7:00:00.000 PM",56
4945,"dc-zta.ztaresearch.local","6/16/2026, 7:00:00.000 PM",156
5024,"dc-zta.ztaresearch.local","6/16/2026, 7:00:00.000 PM",1
4622,"fs-zta.ztaresearch.local","6/16/2026, 7:00:00.000 PM",10
4956,"dc-zta.ztaresearch.local","6/16/2026, 7:00:00.000 PM",1
4608,"dc-zta.ztaresearch.local","6/16/2026, 7:00:00.000 PM",1
4611,"dc-zta.ztaresearch.local","6/16/2026, 7:00:00.000 PM",4
4610,"fs-zta.ztaresearch.local","6/16/2026, 7:00:00.000 PM",1
4673,"fs-zta.ztaresearch.local","6/16/2026, 7:00:00.000 PM",60
4902,"fs-zta.ztaresearch.local","6/16/2026, 7:00:00.000 PM",1
4614,"fs-zta.ztaresearch.local","6/16/2026, 7:00:00.000 PM",3
4672,"fs-zta.ztaresearch.local","6/16/2026, 7:00:00.000 PM",53
4648,"fs-zta.ztaresearch.local","6/16/2026, 7:00:00.000 PM",3
4614,"dc-zta.ztaresearch.local","6/16/2026, 7:00:00.000 PM",4
4672,"dc-zta.ztaresearch.local","6/16/2026, 7:00:00.000 PM",250
4648,"dc-zta.ztaresearch.local","6/16/2026, 7:00:00.000 PM",5
4674,"fs-zta.ztaresearch.local","6/16/2026, 7:00:00.000 PM",136
4674,"dc-zta.ztaresearch.local","6/16/2026, 7:00:00.000 PM",136
4616,"fs-zta.ztaresearch.local","6/16/2026, 7:00:00.000 PM",1
4688,"dc-zta.ztaresearch.local","6/16/2026, 7:00:00.000 PM",300
5033,"fs-zta.ztaresearch.local","6/16/2026, 7:00:00.000 PM",1
4799,"fs-zta.ztaresearch.local","6/16/2026, 7:00:00.000 PM",8
4953,"fs-zta.ztaresearch.local","6/16/2026, 7:00:00.000 PM",3
4957,"fs-zta.ztaresearch.local","6/16/2026, 7:00:00.000 PM",83
4696,"dc-zta.ztaresearch.local","6/16/2026, 7:00:00.000 PM",1
4616,"dc-zta.ztaresearch.local","6/16/2026, 7:00:00.000 PM",1
4611,"fs-zta.ztaresearch.local","6/16/2026, 7:00:00.000 PM",3
4944,"fs-zta.ztaresearch.local","6/16/2026, 7:00:00.000 PM",1
4945,"fs-zta.ztaresearch.local","6/16/2026, 7:00:00.000 PM",110
5024,"fs-zta.ztaresearch.local","6/16/2026, 7:00:00.000 PM",1
5033,"dc-zta.ztaresearch.local","6/16/2026, 7:00:00.000 PM",1
4608,"fs-zta.ztaresearch.local","6/16/2026, 7:00:00.000 PM",1
4660,"fs-zta.ztaresearch.local","6/16/2026, 7:00:00.000 PM",76
4799,"dc-zta.ztaresearch.local","6/16/2026, 7:00:00.000 PM",11
6416,"fs-zta.ztaresearch.local","6/16/2026, 7:00:00.000 PM",2
4798,"fs-zta.ztaresearch.local","6/16/2026, 7:00:00.000 PM",7
4624,"dc-zta.ztaresearch.local","6/16/2026, 7:00:00.000 PM",264
5058,"fs-zta.ztaresearch.local","6/16/2026, 7:00:00.000 PM",10
5061,"fs-zta.ztaresearch.local","6/16/2026, 7:00:00.000 PM",9
5059,"fs-zta.ztaresearch.local","6/16/2026, 7:00:00.000 PM",10
6416,"dc-zta.ztaresearch.local","6/16/2026, 7:00:00.000 PM",2
4627,"dc-zta.ztaresearch.local","6/16/2026, 7:00:00.000 PM",264
5058,"dc-zta.ztaresearch.local","6/16/2026, 7:00:00.000 PM",10
5061,"dc-zta.ztaresearch.local","6/16/2026, 7:00:00.000 PM",9
5059,"dc-zta.ztaresearch.local","6/16/2026, 7:00:00.000 PM",10
4768,"dc-zta.ztaresearch.local","6/16/2026, 7:00:00.000 PM",5
4622,"dc-zta.ztaresearch.local","6/16/2026, 7:00:00.000 PM",10
4769,"dc-zta.ztaresearch.local","6/16/2026, 7:00:00.000 PM",14
4634,"dc-zta.ztaresearch.local","6/16/2026, 7:00:00.000 PM",190
4662,"dc-zta.ztaresearch.local","6/16/2026, 7:00:00.000 PM",12
4610,"dc-zta.ztaresearch.local","6/16/2026, 7:00:00.000 PM",1
4702,"dc-zta.ztaresearch.local","6/16/2026, 7:00:00.000 PM",22
5379,"dc-zta.ztaresearch.local","6/16/2026, 7:00:00.000 PM",47
4662,"fs-zta.ztaresearch.local","6/16/2026, 7:00:00.000 PM",52
4699,"fs-zta.ztaresearch.local","6/16/2026, 7:00:00.000 PM",1
4702,"fs-zta.ztaresearch.local","6/16/2026, 7:00:00.000 PM",20
4673,"dc-zta.ztaresearch.local","6/16/2026, 7:00:00.000 PM",69
4698,"fs-zta.ztaresearch.local","6/16/2026, 7:00:00.000 PM",1
4699,"dc-zta.ztaresearch.local","6/16/2026, 7:00:00.000 PM",1
4698,"dc-zta.ztaresearch.local","6/16/2026, 7:00:00.000 PM",1
4719,"dc-zta.ztaresearch.local","6/16/2026, 7:00:00.000 PM",9
4902,"dc-zta.ztaresearch.local","6/16/2026, 7:00:00.000 PM",1
5379,"fs-zta.ztaresearch.local","6/16/2026, 7:00:00.000 PM",17
4719,"fs-zta.ztaresearch.local","6/16/2026, 7:00:00.000 PM",9
4946,"dc-zta.ztaresearch.local","6/16/2026, 7:00:00.000 PM",6
4663,"dc-zta.ztaresearch.local","6/16/2026, 7:00:00.000 PM",80
4688,"fs-zta.ztaresearch.local","6/16/2026, 7:00:00.000 PM",267
4660,"dc-zta.ztaresearch.local","6/16/2026, 7:00:00.000 PM",80
4663,"fs-zta.ztaresearch.local","6/16/2026, 7:00:00.000 PM",76
4948,"dc-zta.ztaresearch.local","6/16/2026, 7:00:00.000 PM",2
4696,"fs-zta.ztaresearch.local","6/16/2026, 7:00:00.000 PM",1
4946,"fs-zta.ztaresearch.local","6/16/2026, 7:00:00.000 PM",6
4948,"fs-zta.ztaresearch.local","6/16/2026, 7:00:00.000 PM",2
4826,"fs-zta.ztaresearch.local","6/16/2026, 7:00:00.000 PM",1
6417,"fs-zta.ztaresearch.local","6/16/2026, 7:00:00.000 PM",1
4826,"dc-zta.ztaresearch.local","6/16/2026, 7:00:00.000 PM",1
4953,"dc-zta.ztaresearch.local","6/16/2026, 7:00:00.000 PM",3
4624,"fs-zta.ztaresearch.local","6/16/2026, 7:00:00.000 PM",56
4957,"dc-zta.ztaresearch.local","6/16/2026, 7:00:00.000 PM",89
4672,"dc-zta.ztaresearch.local","6/16/2026, 11:00:00.000 AM",68
4634,"dc-zta.ztaresearch.local","6/16/2026, 11:00:00.000 AM",69
1100,"fs-zta.ztaresearch.local","6/16/2026, 11:00:00.000 AM",1
4627,"dc-zta.ztaresearch.local","6/16/2026, 11:00:00.000 AM",70
4624,"dc-zta.ztaresearch.local","6/16/2026, 11:00:00.000 AM",70
4616,"fs-zta.ztaresearch.local","6/16/2026, 11:00:00.000 AM",1
4688,"dc-zta.ztaresearch.local","6/16/2026, 11:00:00.000 AM",22
4616,"dc-zta.ztaresearch.local","6/16/2026, 11:00:00.000 AM",1
4699,"fs-zta.ztaresearch.local","6/16/2026, 11:00:00.000 AM",1
4673,"fs-zta.ztaresearch.local","6/16/2026, 11:00:00.000 AM",9
4662,"dc-zta.ztaresearch.local","6/16/2026, 11:00:00.000 AM",9
4673,"dc-zta.ztaresearch.local","6/16/2026, 11:00:00.000 AM",5
4624,"fs-zta.ztaresearch.local","6/16/2026, 11:00:00.000 AM",2
1100,"dc-zta.ztaresearch.local","6/16/2026, 11:00:00.000 AM",1
4672,"fs-zta.ztaresearch.local","6/16/2026, 11:00:00.000 AM",2
4702,"fs-zta.ztaresearch.local","6/16/2026, 11:00:00.000 AM",10
4698,"fs-zta.ztaresearch.local","6/16/2026, 11:00:00.000 AM",1
4627,"fs-zta.ztaresearch.local","6/16/2026, 11:00:00.000 AM",2
4702,"dc-zta.ztaresearch.local","6/16/2026, 11:00:00.000 AM",3
5379,"dc-zta.ztaresearch.local","6/16/2026, 11:00:00.000 AM",11
4662,"fs-zta.ztaresearch.local","6/16/2026, 11:00:00.000 AM",25
4688,"fs-zta.ztaresearch.local","6/16/2026, 11:00:00.000 AM",25
4953,"fs-zta","6/16/2026, 10:00:00.000 AM",3
4674,"dc-zta.ztaresearch.local","6/16/2026, 10:00:00.000 AM",4
6416,"fs-zta","6/16/2026, 10:00:00.000 AM",6
4610,"fs-zta.ztaresearch.local","6/16/2026, 10:00:00.000 AM",2
5061,"fs-zta","6/16/2026, 10:00:00.000 AM",9
4799,"dc-zta.ztaresearch.local","6/16/2026, 10:00:00.000 AM",11
4742,"dc-zta.ztaresearch.local","6/16/2026, 10:00:00.000 AM",3
4674,"fs-zta.ztaresearch.local","6/16/2026, 10:00:00.000 AM",24
4624,"fs-zta","6/16/2026, 10:00:00.000 AM",67
5033,"dc-zta.ztaresearch.local","6/16/2026, 10:00:00.000 AM",1
4769,"dc-zta.ztaresearch.local","6/16/2026, 10:00:00.000 AM",42
4798,"fs-zta","6/16/2026, 10:00:00.000 AM",9
4700,"fs-zta","6/16/2026, 10:00:00.000 AM",1
4902,"fs-zta.ztaresearch.local","6/16/2026, 10:00:00.000 AM",2
4945,"fs-zta.ztaresearch.local","6/16/2026, 10:00:00.000 AM",220
5061,"dc-zta.ztaresearch.local","6/16/2026, 10:00:00.000 AM",7
5059,"dc-zta.ztaresearch.local","6/16/2026, 10:00:00.000 AM",7
4616,"fs-zta.ztaresearch.local","6/16/2026, 10:00:00.000 AM",3
4614,"fs-zta","6/16/2026, 10:00:00.000 AM",3
4627,"fs-zta.ztaresearch.local","6/16/2026, 10:00:00.000 AM",105
6416,"dc-zta.ztaresearch.local","6/16/2026, 10:00:00.000 AM",2
5059,"fs-zta","6/16/2026, 10:00:00.000 AM",8
4624,"fs-zta.ztaresearch.local","6/16/2026, 10:00:00.000 AM",105
4627,"dc-zta.ztaresearch.local","6/16/2026, 10:00:00.000 AM",267
4953,"dc-zta.ztaresearch.local","6/16/2026, 10:00:00.000 AM",3
4956,"dc-zta.ztaresearch.local","6/16/2026, 10:00:00.000 AM",1
4634,"dc-zta.ztaresearch.local","6/16/2026, 10:00:00.000 AM",191
4776,"fs-zta","6/16/2026, 10:00:00.000 AM",2
4611,"fs-zta","6/16/2026, 10:00:00.000 AM",7
4699,"dc-zta.ztaresearch.local","6/16/2026, 10:00:00.000 AM",1
4956,"fs-zta","6/16/2026, 10:00:00.000 AM",1
4673,"fs-zta.ztaresearch.local","6/16/2026, 10:00:00.000 AM",701
4614,"fs-zta.ztaresearch.local","6/16/2026, 10:00:00.000 AM",6
5058,"fs-zta.ztaresearch.local","6/16/2026, 10:00:00.000 AM",6
5024,"fs-zta.ztaresearch.local","6/16/2026, 10:00:00.000 AM",2
4798,"fs-zta.ztaresearch.local","6/16/2026, 10:00:00.000 AM",14
4947,"fs-zta.ztaresearch.local","6/16/2026, 10:00:00.000 AM",32
5379,"dc-zta.ztaresearch.local","6/16/2026, 10:00:00.000 AM",64
4768,"dc-zta.ztaresearch.local","6/16/2026, 10:00:00.000 AM",17
4610,"fs-zta","6/16/2026, 10:00:00.000 AM",1
4688,"fs-zta","6/16/2026, 10:00:00.000 AM",330
5058,"fs-zta","6/16/2026, 10:00:00.000 AM",9
4826,"fs-zta.ztaresearch.local","6/16/2026, 10:00:00.000 AM",2
4624,"dc-zta.ztaresearch.local","6/16/2026, 10:00:00.000 AM",267
1100,"fs-zta","6/16/2026, 10:00:00.000 AM",1
5024,"dc-zta.ztaresearch.local","6/16/2026, 10:00:00.000 AM",1
4616,"fs-zta","6/16/2026, 10:00:00.000 AM",2
4673,"dc-zta.ztaresearch.local","6/16/2026, 10:00:00.000 AM",65
4634,"fs-zta","6/16/2026, 10:00:00.000 AM",2
4648,"fs-zta","6/16/2026, 10:00:00.000 AM",12
4732,"fs-zta","6/16/2026, 10:00:00.000 AM",2
4648,"dc-zta.ztaresearch.local","6/16/2026, 10:00:00.000 AM",5
4724,"dc-zta.ztaresearch.local","6/16/2026, 10:00:00.000 AM",1
4688,"dc-zta.ztaresearch.local","6/16/2026, 10:00:00.000 AM",298
4826,"dc-zta.ztaresearch.local","6/16/2026, 10:00:00.000 AM",1
4622,"dc-zta.ztaresearch.local","6/16/2026, 10:00:00.000 AM",10
4902,"dc-zta.ztaresearch.local","6/16/2026, 10:00:00.000 AM",1
4957,"dc-zta.ztaresearch.local","6/16/2026, 10:00:00.000 AM",89
4611,"dc-zta.ztaresearch.local","6/16/2026, 10:00:00.000 AM",4
5058,"dc-zta.ztaresearch.local","6/16/2026, 10:00:00.000 AM",7
4662,"dc-zta.ztaresearch.local","6/16/2026, 10:00:00.000 AM",25
4702,"dc-zta.ztaresearch.local","6/16/2026, 10:00:00.000 AM",42
4672,"fs-zta","6/16/2026, 10:00:00.000 AM",63
4673,"fs-zta","6/16/2026, 10:00:00.000 AM",681
4799,"fs-zta","6/16/2026, 10:00:00.000 AM",9
4697,"fs-zta","6/16/2026, 10:00:00.000 AM",14
4698,"dc-zta.ztaresearch.local","6/16/2026, 10:00:00.000 AM",1
4776,"dc-zta.ztaresearch.local","6/16/2026, 10:00:00.000 AM",6
4954,"fs-zta.ztaresearch.local","6/16/2026, 10:00:00.000 AM",1
4948,"fs-zta","6/16/2026, 10:00:00.000 AM",2
4662,"fs-zta.ztaresearch.local","6/16/2026, 10:00:00.000 AM",19
4826,"fs-zta","6/16/2026, 10:00:00.000 AM",1
4634,"fs-zta.ztaresearch.local","6/16/2026, 10:00:00.000 AM",11
4672,"dc-zta.ztaresearch.local","6/16/2026, 10:00:00.000 AM",188
4614,"dc-zta.ztaresearch.local","6/16/2026, 10:00:00.000 AM",4
4610,"dc-zta.ztaresearch.local","6/16/2026, 10:00:00.000 AM",1
4946,"fs-zta","6/16/2026, 10:00:00.000 AM",2
4608,"dc-zta.ztaresearch.local","6/16/2026, 10:00:00.000 AM",1
6417,"dc-zta.ztaresearch.local","6/16/2026, 10:00:00.000 AM",1
4696,"dc-zta.ztaresearch.local","6/16/2026, 10:00:00.000 AM",1
4674,"fs-zta","6/16/2026, 10:00:00.000 AM",34
4741,"dc-zta.ztaresearch.local","6/16/2026, 10:00:00.000 AM",1
4957,"fs-zta","6/16/2026, 10:00:00.000 AM",121
4688,"fs-zta.ztaresearch.local","6/16/2026, 10:00:00.000 AM",445
6417,"fs-zta.ztaresearch.local","6/16/2026, 10:00:00.000 AM",2
4622,"fs-zta.ztaresearch.local","6/16/2026, 10:00:00.000 AM",20
5033,"fs-zta.ztaresearch.local","6/16/2026, 10:00:00.000 AM",2
4799,"fs-zta.ztaresearch.local","6/16/2026, 10:00:00.000 AM",17
4944,"fs-zta.ztaresearch.local","6/16/2026, 10:00:00.000 AM",2
4776,"fs-zta.ztaresearch.local","6/16/2026, 10:00:00.000 AM",2
6416,"fs-zta.ztaresearch.local","6/16/2026, 10:00:00.000 AM",6
4647,"fs-zta.ztaresearch.local","6/16/2026, 10:00:00.000 AM",1
4662,"fs-zta","6/16/2026, 10:00:00.000 AM",20
4697,"fs-zta.ztaresearch.local","6/16/2026, 10:00:00.000 AM",14
4702,"fs-zta.ztaresearch.local","6/16/2026, 10:00:00.000 AM",21
4948,"fs-zta.ztaresearch.local","6/16/2026, 10:00:00.000 AM",2
4739,"fs-zta.ztaresearch.local","6/16/2026, 10:00:00.000 AM",2
1100,"fs-zta.ztaresearch.local","6/16/2026, 10:00:00.000 AM",1
5379,"fs-zta","6/16/2026, 10:00:00.000 AM",51
4956,"fs-zta.ztaresearch.local","6/16/2026, 10:00:00.000 AM",2
4957,"fs-zta.ztaresearch.local","6/16/2026, 10:00:00.000 AM",134
4627,"fs-zta","6/16/2026, 10:00:00.000 AM",67
4611,"fs-zta.ztaresearch.local","6/16/2026, 10:00:00.000 AM",10
4616,"dc-zta.ztaresearch.local","6/16/2026, 10:00:00.000 AM",1
4944,"dc-zta.ztaresearch.local","6/16/2026, 10:00:00.000 AM",1
5061,"fs-zta.ztaresearch.local","6/16/2026, 10:00:00.000 AM",6
4945,"dc-zta.ztaresearch.local","6/16/2026, 10:00:00.000 AM",156
4699,"fs-zta","6/16/2026, 10:00:00.000 AM",1
4696,"fs-zta","6/16/2026, 10:00:00.000 AM",1
4648,"fs-zta.ztaresearch.local","6/16/2026, 10:00:00.000 AM",12
6417,"fs-zta","6/16/2026, 10:00:00.000 AM",1
4608,"fs-zta","6/16/2026, 10:00:00.000 AM",1
4622,"fs-zta","6/16/2026, 10:00:00.000 AM",10
4672,"fs-zta.ztaresearch.local","6/16/2026, 10:00:00.000 AM",98
4902,"fs-zta","6/16/2026, 10:00:00.000 AM",1
5379,"fs-zta.ztaresearch.local","6/16/2026, 10:00:00.000 AM",1
5033,"fs-zta","6/16/2026, 10:00:00.000 AM",1
4608,"fs-zta.ztaresearch.local","6/16/2026, 10:00:00.000 AM",2
4944,"fs-zta","6/16/2026, 10:00:00.000 AM",1
4945,"fs-zta","6/16/2026, 10:00:00.000 AM",110
5024,"fs-zta","6/16/2026, 10:00:00.000 AM",1
4696,"fs-zta.ztaresearch.local","6/16/2026, 10:00:00.000 AM",2
5059,"fs-zta.ztaresearch.local","6/16/2026, 10:00:00.000 AM",3
4698,"fs-zta","6/16/2026, 10:00:00.000 AM",1
4702,"fs-zta","6/16/2026, 10:00:00.000 AM",45
4953,"fs-zta.ztaresearch.local","6/16/2026, 10:00:00.000 AM",6
4647,"fs-zta","6/16/2026, 10:00:00.000 AM",1
4946,"fs-zta.ztaresearch.local","6/16/2026, 10:00:00.000 AM",18
4722,"dc-zta.ztaresearch.local","6/16/2026, 10:00:00.000 AM",1
1100,"dc-zta.ztaresearch.local","6/15/2026, 11:00:00.000 PM",1
4624,"fs-zta","6/15/2026, 11:00:00.000 PM",6
4672,"fs-zta","6/15/2026, 11:00:00.000 PM",6
4688,"fs-zta","6/15/2026, 11:00:00.000 PM",14
4776,"fs-zta","6/15/2026, 11:00:00.000 PM",6
4634,"dc-zta.ztaresearch.local","6/15/2026, 11:00:00.000 PM",38
4688,"dc-zta.ztaresearch.local","6/15/2026, 11:00:00.000 PM",15
4627,"dc-zta.ztaresearch.local","6/15/2026, 11:00:00.000 PM",39
4616,"dc-zta.ztaresearch.local","6/15/2026, 11:00:00.000 PM",1
4616,"fs-zta","6/15/2026, 11:00:00.000 PM",1
4624,"dc-zta.ztaresearch.local","6/15/2026, 11:00:00.000 PM",39
1100,"fs-zta","6/15/2026, 11:00:00.000 PM",1
4702,"dc-zta.ztaresearch.local","6/15/2026, 11:00:00.000 PM",2
4672,"dc-zta.ztaresearch.local","6/15/2026, 11:00:00.000 PM",39
4627,"fs-zta","6/15/2026, 11:00:00.000 PM",6
4634,"fs-zta","6/15/2026, 11:00:00.000 PM",6
4673,"fs-zta","6/15/2026, 11:00:00.000 PM",2
4673,"dc-zta.ztaresearch.local","6/15/2026, 11:00:00.000 PM",2
4611,"fs-zta","6/15/2026, 10:00:00.000 PM",3
4957,"dc-zta.ztaresearch.local","6/15/2026, 10:00:00.000 PM",89
4956,"dc-zta.ztaresearch.local","6/15/2026, 10:00:00.000 PM",1
4674,"dc-zta.ztaresearch.local","6/15/2026, 10:00:00.000 PM",4
4957,"fs-zta","6/15/2026, 10:00:00.000 PM",81
4799,"fs-zta","6/15/2026, 10:00:00.000 PM",8
4614,"dc-zta.ztaresearch.local","6/15/2026, 10:00:00.000 PM",4
5033,"fs-zta","6/15/2026, 10:00:00.000 PM",1
4648,"fs-zta","6/15/2026, 10:00:00.000 PM",3
4798,"fs-zta","6/15/2026, 10:00:00.000 PM",7
4610,"fs-zta","6/15/2026, 10:00:00.000 PM",1
4622,"fs-zta","6/15/2026, 10:00:00.000 PM",10
4608,"fs-zta","6/15/2026, 10:00:00.000 PM",1
5058,"dc-zta.ztaresearch.local","6/15/2026, 10:00:00.000 PM",7
5059,"dc-zta.ztaresearch.local","6/15/2026, 10:00:00.000 PM",7
4702,"fs-zta","6/15/2026, 10:00:00.000 PM",17
4624,"dc-zta.ztaresearch.local","6/15/2026, 10:00:00.000 PM",202
4688,"fs-zta","6/15/2026, 10:00:00.000 PM",200
4826,"dc-zta.ztaresearch.local","6/15/2026, 10:00:00.000 PM",1
4698,"fs-zta","6/15/2026, 10:00:00.000 PM",1
4776,"dc-zta.ztaresearch.local","6/15/2026, 10:00:00.000 PM",21
4696,"fs-zta","6/15/2026, 10:00:00.000 PM",1
4953,"fs-zta","6/15/2026, 10:00:00.000 PM",3
4673,"fs-zta","6/15/2026, 10:00:00.000 PM",50
4944,"fs-zta","6/15/2026, 10:00:00.000 PM",1
4627,"dc-zta.ztaresearch.local","6/15/2026, 10:00:00.000 PM",202
4688,"dc-zta.ztaresearch.local","6/15/2026, 10:00:00.000 PM",221
4624,"fs-zta","6/15/2026, 10:00:00.000 PM",45
4826,"fs-zta","6/15/2026, 10:00:00.000 PM",1
6416,"dc-zta.ztaresearch.local","6/15/2026, 10:00:00.000 PM",2
4674,"fs-zta","6/15/2026, 10:00:00.000 PM",4
4945,"dc-zta.ztaresearch.local","6/15/2026, 10:00:00.000 PM",156
4799,"dc-zta.ztaresearch.local","6/15/2026, 10:00:00.000 PM",11
6417,"fs-zta","6/15/2026, 10:00:00.000 PM",1
4945,"fs-zta","6/15/2026, 10:00:00.000 PM",110
5024,"fs-zta","6/15/2026, 10:00:00.000 PM",1
4616,"dc-zta.ztaresearch.local","6/15/2026, 10:00:00.000 PM",1
4625,"dc-zta.ztaresearch.local","6/15/2026, 10:00:00.000 PM",21
4634,"dc-zta.ztaresearch.local","6/15/2026, 10:00:00.000 PM",141
4902,"fs-zta","6/15/2026, 10:00:00.000 PM",1
5033,"dc-zta.ztaresearch.local","6/15/2026, 10:00:00.000 PM",1
4608,"dc-zta.ztaresearch.local","6/15/2026, 10:00:00.000 PM",1
5059,"fs-zta","6/15/2026, 10:00:00.000 PM",7
4776,"fs-zta","6/15/2026, 10:00:00.000 PM",1
4902,"dc-zta.ztaresearch.local","6/15/2026, 10:00:00.000 PM",1
4614,"fs-zta","6/15/2026, 10:00:00.000 PM",3
4672,"dc-zta.ztaresearch.local","6/15/2026, 10:00:00.000 PM",197
5061,"fs-zta","6/15/2026, 10:00:00.000 PM",7
4953,"dc-zta.ztaresearch.local","6/15/2026, 10:00:00.000 PM",3
5024,"dc-zta.ztaresearch.local","6/15/2026, 10:00:00.000 PM",1
4662,"dc-zta.ztaresearch.local","6/15/2026, 10:00:00.000 PM",3
4625,"fs-zta","6/15/2026, 10:00:00.000 PM",1
4696,"dc-zta.ztaresearch.local","6/15/2026, 10:00:00.000 PM",1
4627,"fs-zta","6/15/2026, 10:00:00.000 PM",45
4698,"dc-zta.ztaresearch.local","6/15/2026, 10:00:00.000 PM",1
4699,"dc-zta.ztaresearch.local","6/15/2026, 10:00:00.000 PM",1
4702,"dc-zta.ztaresearch.local","6/15/2026, 10:00:00.000 PM",15
4672,"fs-zta","6/15/2026, 10:00:00.000 PM",42
4769,"dc-zta.ztaresearch.local","6/15/2026, 10:00:00.000 PM",11
4768,"dc-zta.ztaresearch.local","6/15/2026, 10:00:00.000 PM",3
4699,"fs-zta","6/15/2026, 10:00:00.000 PM",1
5061,"dc-zta.ztaresearch.local","6/15/2026, 10:00:00.000 PM",7
4616,"fs-zta","6/15/2026, 10:00:00.000 PM",1
5058,"fs-zta","6/15/2026, 10:00:00.000 PM",7
6416,"fs-zta","6/15/2026, 10:00:00.000 PM",2
6417,"dc-zta.ztaresearch.local","6/15/2026, 10:00:00.000 PM",1
4611,"dc-zta.ztaresearch.local","6/15/2026, 10:00:00.000 PM",4
4622,"dc-zta.ztaresearch.local","6/15/2026, 10:00:00.000 PM",10
4648,"dc-zta.ztaresearch.local","6/15/2026, 10:00:00.000 PM",5
4944,"dc-zta.ztaresearch.local","6/15/2026, 10:00:00.000 PM",1
4610,"dc-zta.ztaresearch.local","6/15/2026, 10:00:00.000 PM",1
4673,"dc-zta.ztaresearch.local","6/15/2026, 10:00:00.000 PM",49
4624,"dc-zta.ztaresearch.local","6/15/2026, 9:00:00.000 PM",25
4616,"fs-zta","6/15/2026, 9:00:00.000 PM",1
1100,"dc-zta.ztaresearch.local","6/15/2026, 9:00:00.000 PM",1
4634,"dc-zta.ztaresearch.local","6/15/2026, 9:00:00.000 PM",25
4673,"fs-zta","6/15/2026, 9:00:00.000 PM",2
4616,"dc-zta.ztaresearch.local","6/15/2026, 9:00:00.000 PM",1
1100,"fs-zta","6/15/2026, 9:00:00.000 PM",1
4627,"dc-zta.ztaresearch.local","6/15/2026, 9:00:00.000 PM",25
4672,"dc-zta.ztaresearch.local","6/15/2026, 9:00:00.000 PM",25
4673,"dc-zta.ztaresearch.local","6/15/2026, 9:00:00.000 PM",3
4688,"fs-zta","6/15/2026, 9:00:00.000 PM",14
4688,"dc-zta.ztaresearch.local","6/15/2026, 9:00:00.000 PM",14
4627,"fs-zta","6/15/2026, 8:00:00.000 PM",2
4672,"fs-zta","6/15/2026, 8:00:00.000 PM",2
4688,"dc-zta.ztaresearch.local","6/15/2026, 8:00:00.000 PM",16
4672,"dc-zta.ztaresearch.local","6/15/2026, 8:00:00.000 PM",58
4673,"fs-zta","6/15/2026, 8:00:00.000 PM",8
4624,"dc-zta.ztaresearch.local","6/15/2026, 8:00:00.000 PM",58
4634,"dc-zta.ztaresearch.local","6/15/2026, 8:00:00.000 PM",56
4799,"dc-zta.ztaresearch.local","6/15/2026, 8:00:00.000 PM",2
4688,"fs-zta","6/15/2026, 8:00:00.000 PM",20
4627,"dc-zta.ztaresearch.local","6/15/2026, 8:00:00.000 PM",58
4624,"fs-zta","6/15/2026, 8:00:00.000 PM",2
4673,"dc-zta.ztaresearch.local","6/15/2026, 8:00:00.000 PM",9
4799,"fs-zta","6/15/2026, 8:00:00.000 PM",2
